id,outfile
7859953,public/images/citypages/24-hour-emergency-plumber/dallas.jpg
8488058,public/images/citypages/24-hour-emergency-plumber/fort-worth.jpg
35290675,public/images/citypages/24-hour-emergency-plumber/arlington.jpg
33388390,public/images/citypages/24-hour-emergency-plumber/plano.jpg
12142829,public/images/citypages/24-hour-emergency-plumber/irving.jpg
6419128,public/images/citypages/24-hour-emergency-plumber/garland.jpg
32588548,public/images/citypages/24-hour-emergency-plumber/frisco.jpg
29248902,public/images/citypages/24-hour-emergency-plumber/mckinney.jpg
16509869,public/images/citypages/24-hour-emergency-plumber/denton.jpg
38671341,public/images/citypages/24-hour-emergency-plumber/lewisville.jpg
29226620,public/images/citypages/24-hour-emergency-plumber/carrollton.jpg
27354192,public/images/citypages/24-hour-emergency-plumber/richardson.jpg
4494662,public/images/citypages/24-hour-emergency-plumber/grand-prairie.jpg
32588556,public/images/citypages/24-hour-emergency-plumber/mesquite.jpg
8488035,public/images/citypages/24-hour-emergency-plumber/grapevine.jpg
7220892,public/images/citypages/24-hour-emergency-plumber/euless.jpg
35072812,public/images/citypages/24-hour-emergency-plumber/bedford.jpg
8486978,public/images/citypages/24-hour-emergency-plumber/hurst.jpg
1029635,public/images/citypages/24-hour-emergency-plumber/keller.jpg
32588559,public/images/citypages/24-hour-emergency-plumber/southlake.jpg
37704246,public/images/citypages/24-hour-emergency-plumber/flower-mound.jpg
34938442,public/images/citypages/24-hour-emergency-plumber/the-colony.jpg
33388391,public/images/citypages/24-hour-emergency-plumber/allen.jpg
37704240,public/images/citypages/24-hour-emergency-plumber/rockwall.jpg
8486923,public/images/citypages/24-hour-emergency-plumber/rowlett.jpg
8486975,public/images/citypages/24-hour-emergency-plumber/mansfield.jpg
38312709,public/images/citypages/24-hour-emergency-plumber/cedar-hill.jpg
8486928,public/images/citypages/24-hour-emergency-plumber/desoto.jpg
8486927,public/images/citypages/24-hour-emergency-plumber/duncanville.jpg
16552851,public/images/citypages/24-hour-emergency-plumber/wylie.jpg
8486972,public/images/citypages/24-hour-emergency-plumber/houston.jpg
16552856,public/images/citypages/24-hour-emergency-plumber/austin.jpg
16552844,public/images/citypages/24-hour-emergency-plumber/san-antonio.jpg
87299,public/images/citypages/emergency-drain-cleaning/dallas.jpg
9462312,public/images/citypages/emergency-drain-cleaning/fort-worth.jpg
20661422,public/images/citypages/emergency-drain-cleaning/arlington.jpg
9462652,public/images/citypages/emergency-drain-cleaning/plano.jpg
5768318,public/images/citypages/emergency-drain-cleaning/irving.jpg
9462311,public/images/citypages/emergency-drain-cleaning/garland.jpg
4239115,public/images/citypages/emergency-drain-cleaning/frisco.jpg
34295401,public/images/citypages/emergency-drain-cleaning/mckinney.jpg
31213992,public/images/citypages/emergency-drain-cleaning/denton.jpg
16020741,public/images/citypages/emergency-drain-cleaning/lewisville.jpg
10473680,public/images/citypages/emergency-drain-cleaning/carrollton.jpg
30359336,public/images/citypages/emergency-drain-cleaning/richardson.jpg
7327156,public/images/citypages/emergency-drain-cleaning/grand-prairie.jpg
10419020,public/images/citypages/emergency-drain-cleaning/mesquite.jpg
9462641,public/images/citypages/emergency-drain-cleaning/grapevine.jpg
36842620,public/images/citypages/emergency-drain-cleaning/euless.jpg
7641406,public/images/citypages/emergency-drain-cleaning/bedford.jpg
38239813,public/images/citypages/emergency-drain-cleaning/hurst.jpg
9628849,public/images/citypages/emergency-drain-cleaning/keller.jpg
11370711,public/images/citypages/emergency-drain-cleaning/southlake.jpg
36511373,public/images/citypages/emergency-drain-cleaning/flower-mound.jpg
8146325,public/images/citypages/emergency-drain-cleaning/the-colony.jpg
35153375,public/images/citypages/emergency-drain-cleaning/allen.jpg
10420482,public/images/citypages/emergency-drain-cleaning/rockwall.jpg
19836790,public/images/citypages/emergency-drain-cleaning/rowlett.jpg
9551374,public/images/citypages/emergency-drain-cleaning/mansfield.jpg
34295402,public/images/citypages/emergency-drain-cleaning/cedar-hill.jpg
34295403,public/images/citypages/emergency-drain-cleaning/desoto.jpg
37371098,public/images/citypages/emergency-drain-cleaning/duncanville.jpg
6593606,public/images/citypages/emergency-drain-cleaning/wylie.jpg
3847553,public/images/citypages/emergency-drain-cleaning/houston.jpg
7446650,public/images/citypages/emergency-drain-cleaning/austin.jpg
4030052,public/images/citypages/emergency-drain-cleaning/san-antonio.jpg
17375718,public/images/citypages/main-sewer-line-clog/dallas.jpg
18110814,public/images/citypages/main-sewer-line-clog/fort-worth.jpg
16620619,public/images/citypages/main-sewer-line-clog/arlington.jpg
35678263,public/images/citypages/main-sewer-line-clog/plano.jpg
14655917,public/images/citypages/main-sewer-line-clog/irving.jpg
3964564,public/images/citypages/main-sewer-line-clog/garland.jpg
15242228,public/images/citypages/main-sewer-line-clog/frisco.jpg
32193623,public/images/citypages/main-sewer-line-clog/mckinney.jpg
29274530,public/images/citypages/main-sewer-line-clog/denton.jpg
20143720,public/images/citypages/main-sewer-line-clog/lewisville.jpg
13726337,public/images/citypages/main-sewer-line-clog/carrollton.jpg
38893871,public/images/citypages/main-sewer-line-clog/richardson.jpg
7538299,public/images/citypages/main-sewer-line-clog/grand-prairie.jpg
10342586,public/images/citypages/main-sewer-line-clog/mesquite.jpg
14926103,public/images/citypages/main-sewer-line-clog/grapevine.jpg
12387207,public/images/citypages/main-sewer-line-clog/euless.jpg
14845870,public/images/citypages/main-sewer-line-clog/bedford.jpg
9809765,public/images/citypages/main-sewer-line-clog/hurst.jpg
9658236,public/images/citypages/main-sewer-line-clog/keller.jpg
30147821,public/images/citypages/main-sewer-line-clog/southlake.jpg
36251868,public/images/citypages/main-sewer-line-clog/flower-mound.jpg
12061886,public/images/citypages/main-sewer-line-clog/the-colony.jpg
38143085,public/images/citypages/main-sewer-line-clog/allen.jpg
18110389,public/images/citypages/main-sewer-line-clog/rockwall.jpg
14845202,public/images/citypages/main-sewer-line-clog/rowlett.jpg
36996855,public/images/citypages/main-sewer-line-clog/mansfield.jpg
924676,public/images/citypages/main-sewer-line-clog/cedar-hill.jpg
13961561,public/images/citypages/main-sewer-line-clog/desoto.jpg
17592358,public/images/citypages/main-sewer-line-clog/duncanville.jpg
11939735,public/images/citypages/main-sewer-line-clog/wylie.jpg
821642,public/images/citypages/main-sewer-line-clog/houston.jpg
34840227,public/images/citypages/main-sewer-line-clog/austin.jpg
7359566,public/images/citypages/main-sewer-line-clog/san-antonio.jpg
4239036,public/images/citypages/toilet-overflow-emergency/dallas.jpg
13885861,public/images/citypages/toilet-overflow-emergency/fort-worth.jpg
3867603,public/images/citypages/toilet-overflow-emergency/arlington.jpg
6899357,public/images/citypages/toilet-overflow-emergency/plano.jpg
4239074,public/images/citypages/toilet-overflow-emergency/irving.jpg
7622581,public/images/citypages/toilet-overflow-emergency/garland.jpg
4239072,public/images/citypages/toilet-overflow-emergency/frisco.jpg
6933779,public/images/citypages/toilet-overflow-emergency/mckinney.jpg
4239090,public/images/citypages/toilet-overflow-emergency/denton.jpg
6588573,public/images/citypages/toilet-overflow-emergency/lewisville.jpg
1599790,public/images/citypages/toilet-overflow-emergency/carrollton.jpg
358592,public/images/citypages/toilet-overflow-emergency/richardson.jpg
9562388,public/images/citypages/toilet-overflow-emergency/grand-prairie.jpg
7045352,public/images/citypages/toilet-overflow-emergency/mesquite.jpg
8082195,public/images/citypages/toilet-overflow-emergency/grapevine.jpg
6970006,public/images/citypages/toilet-overflow-emergency/euless.jpg
6653889,public/images/citypages/toilet-overflow-emergency/bedford.jpg
8366402,public/images/citypages/toilet-overflow-emergency/hurst.jpg
6585765,public/images/citypages/toilet-overflow-emergency/keller.jpg
7545637,public/images/citypages/toilet-overflow-emergency/southlake.jpg
4239068,public/images/citypages/toilet-overflow-emergency/flower-mound.jpg
6782343,public/images/citypages/toilet-overflow-emergency/the-colony.jpg
7587749,public/images/citypages/toilet-overflow-emergency/allen.jpg
18559644,public/images/citypages/toilet-overflow-emergency/rockwall.jpg
37636256,public/images/citypages/toilet-overflow-emergency/rowlett.jpg
38706756,public/images/citypages/toilet-overflow-emergency/mansfield.jpg
19386931,public/images/citypages/toilet-overflow-emergency/cedar-hill.jpg
3377214,public/images/citypages/toilet-overflow-emergency/desoto.jpg
18111488,public/images/citypages/toilet-overflow-emergency/duncanville.jpg
38706749,public/images/citypages/toilet-overflow-emergency/wylie.jpg
37704234,public/images/citypages/toilet-overflow-emergency/houston.jpg
30674593,public/images/citypages/toilet-overflow-emergency/austin.jpg
8482870,public/images/citypages/toilet-overflow-emergency/san-antonio.jpg
15206136,public/images/citypages/burst-pipe-emergency/dallas.jpg
18274115,public/images/citypages/burst-pipe-emergency/fort-worth.jpg
36571568,public/images/citypages/burst-pipe-emergency/arlington.jpg
4406597,public/images/citypages/burst-pipe-emergency/plano.jpg
2339722,public/images/citypages/burst-pipe-emergency/irving.jpg
11658940,public/images/citypages/burst-pipe-emergency/garland.jpg
20812917,public/images/citypages/burst-pipe-emergency/frisco.jpg
34197979,public/images/citypages/burst-pipe-emergency/mckinney.jpg
35137859,public/images/citypages/burst-pipe-emergency/denton.jpg
35915028,public/images/citypages/burst-pipe-emergency/lewisville.jpg
770224,public/images/citypages/burst-pipe-emergency/carrollton.jpg
32042965,public/images/citypages/burst-pipe-emergency/richardson.jpg
36787115,public/images/citypages/burst-pipe-emergency/grand-prairie.jpg
34295406,public/images/citypages/burst-pipe-emergency/mesquite.jpg
7836293,public/images/citypages/burst-pipe-emergency/grapevine.jpg
11560029,public/images/citypages/burst-pipe-emergency/euless.jpg
34158878,public/images/citypages/burst-pipe-emergency/bedford.jpg
16341408,public/images/citypages/burst-pipe-emergency/hurst.jpg
10961064,public/images/citypages/burst-pipe-emergency/keller.jpg
28665210,public/images/citypages/burst-pipe-emergency/southlake.jpg
31724660,public/images/citypages/burst-pipe-emergency/flower-mound.jpg
666013,public/images/citypages/burst-pipe-emergency/the-colony.jpg
2583028,public/images/citypages/burst-pipe-emergency/allen.jpg
31710804,public/images/citypages/burst-pipe-emergency/rockwall.jpg
9692261,public/images/citypages/burst-pipe-emergency/rowlett.jpg
18124167,public/images/citypages/burst-pipe-emergency/mansfield.jpg
10481249,public/images/citypages/burst-pipe-emergency/cedar-hill.jpg
37121403,public/images/citypages/burst-pipe-emergency/desoto.jpg
10401534,public/images/citypages/burst-pipe-emergency/duncanville.jpg
30661413,public/images/citypages/burst-pipe-emergency/wylie.jpg
5768188,public/images/citypages/burst-pipe-emergency/houston.jpg
38048169,public/images/citypages/burst-pipe-emergency/austin.jpg
6050253,public/images/citypages/burst-pipe-emergency/san-antonio.jpg
34938439,public/images/citypages/water-heater-emergency/dallas.jpg
8142983,public/images/citypages/water-heater-emergency/fort-worth.jpg
6436774,public/images/citypages/water-heater-emergency/arlington.jpg
34593293,public/images/citypages/water-heater-emergency/plano.jpg
11211127,public/images/citypages/water-heater-emergency/irving.jpg
28479466,public/images/citypages/water-heater-emergency/garland.jpg
8142971,public/images/citypages/water-heater-emergency/frisco.jpg
32208781,public/images/citypages/water-heater-emergency/mckinney.jpg
35290678,public/images/citypages/water-heater-emergency/denton.jpg
32391506,public/images/citypages/water-heater-emergency/lewisville.jpg
34927390,public/images/citypages/water-heater-emergency/carrollton.jpg
6316062,public/images/citypages/water-heater-emergency/richardson.jpg
32416049,public/images/citypages/water-heater-emergency/grand-prairie.jpg
32588560,public/images/citypages/water-heater-emergency/mesquite.jpg
12034871,public/images/citypages/water-heater-emergency/grapevine.jpg
34927382,public/images/citypages/water-heater-emergency/euless.jpg
17243628,public/images/citypages/water-heater-emergency/bedford.jpg
37492288,public/images/citypages/water-heater-emergency/hurst.jpg
12644994,public/images/citypages/water-heater-emergency/keller.jpg
33118659,public/images/citypages/water-heater-emergency/southlake.jpg
38190070,public/images/citypages/water-heater-emergency/flower-mound.jpg
9389356,public/images/citypages/water-heater-emergency/the-colony.jpg
16442684,public/images/citypages/water-heater-emergency/allen.jpg
5691536,public/images/citypages/water-heater-emergency/rockwall.jpg
34938441,public/images/citypages/water-heater-emergency/rowlett.jpg
37492285,public/images/citypages/water-heater-emergency/mansfield.jpg
33699773,public/images/citypages/water-heater-emergency/cedar-hill.jpg
33699776,public/images/citypages/water-heater-emergency/desoto.jpg
6517140,public/images/citypages/water-heater-emergency/duncanville.jpg
5495066,public/images/citypages/water-heater-emergency/wylie.jpg
9753117,public/images/citypages/water-heater-emergency/houston.jpg
38190071,public/images/citypages/water-heater-emergency/austin.jpg
34950223,public/images/citypages/water-heater-emergency/san-antonio.jpg
32787183,public/images/citypages/sewer-backup-help/dallas.jpg
38513278,public/images/citypages/sewer-backup-help/fort-worth.jpg
3977241,public/images/citypages/sewer-backup-help/arlington.jpg
32257223,public/images/citypages/sewer-backup-help/plano.jpg
29856932,public/images/citypages/sewer-backup-help/irving.jpg
38905722,public/images/citypages/sewer-backup-help/garland.jpg
4092030,public/images/citypages/sewer-backup-help/frisco.jpg
4756922,public/images/citypages/sewer-backup-help/mckinney.jpg
16552850,public/images/citypages/sewer-backup-help/denton.jpg
34938446,public/images/citypages/sewer-backup-help/lewisville.jpg
6471911,public/images/citypages/sewer-backup-help/carrollton.jpg
6263144,public/images/citypages/sewer-backup-help/richardson.jpg
37340086,public/images/citypages/sewer-backup-help/grand-prairie.jpg
7347538,public/images/citypages/sewer-backup-help/mesquite.jpg
8985463,public/images/citypages/sewer-backup-help/grapevine.jpg
37711293,public/images/citypages/sewer-backup-help/euless.jpg
220612,public/images/citypages/sewer-backup-help/bedford.jpg
9736334,public/images/citypages/sewer-backup-help/hurst.jpg
29608837,public/images/citypages/sewer-backup-help/keller.jpg
37627673,public/images/citypages/sewer-backup-help/southlake.jpg
27354191,public/images/citypages/sewer-backup-help/flower-mound.jpg
37627672,public/images/citypages/sewer-backup-help/the-colony.jpg
17182110,public/images/citypages/sewer-backup-help/allen.jpg
17592363,public/images/citypages/sewer-backup-help/rockwall.jpg
14308979,public/images/citypages/sewer-backup-help/rowlett.jpg
38146892,public/images/citypages/sewer-backup-help/mansfield.jpg
14308927,public/images/citypages/sewer-backup-help/cedar-hill.jpg
16684609,public/images/citypages/sewer-backup-help/desoto.jpg
6548201,public/images/citypages/sewer-backup-help/duncanville.jpg
3921774,public/images/citypages/sewer-backup-help/wylie.jpg
35118107,public/images/citypages/sewer-backup-help/houston.jpg
20849778,public/images/citypages/sewer-backup-help/austin.jpg
7480249,public/images/citypages/sewer-backup-help/san-antonio.jpg
35016079,public/images/citypages/commercial-emergency-plumbing/dallas.jpg
29318090,public/images/citypages/commercial-emergency-plumbing/fort-worth.jpg
4483692,public/images/citypages/commercial-emergency-plumbing/arlington.jpg
127726,public/images/citypages/commercial-emergency-plumbing/plano.jpg
37352142,public/images/citypages/commercial-emergency-plumbing/irving.jpg
16752780,public/images/citypages/commercial-emergency-plumbing/garland.jpg
13464442,public/images/citypages/commercial-emergency-plumbing/frisco.jpg
8381831,public/images/citypages/commercial-emergency-plumbing/mckinney.jpg
10833566,public/images/citypages/commercial-emergency-plumbing/denton.jpg
10949030,public/images/citypages/commercial-emergency-plumbing/lewisville.jpg
13432477,public/images/citypages/commercial-emergency-plumbing/carrollton.jpg
28806925,public/images/citypages/commercial-emergency-plumbing/richardson.jpg
8581897,public/images/citypages/commercial-emergency-plumbing/grand-prairie.jpg
5691473,public/images/citypages/commercial-emergency-plumbing/mesquite.jpg
4494653,public/images/citypages/commercial-emergency-plumbing/grapevine.jpg
4494655,public/images/citypages/commercial-emergency-plumbing/euless.jpg
11142768,public/images/citypages/commercial-emergency-plumbing/bedford.jpg
2310904,public/images/citypages/commercial-emergency-plumbing/hurst.jpg
7937299,public/images/citypages/commercial-emergency-plumbing/keller.jpg
13312223,public/images/citypages/commercial-emergency-plumbing/southlake.jpg
10432218,public/images/citypages/commercial-emergency-plumbing/flower-mound.jpg
35300835,public/images/citypages/commercial-emergency-plumbing/the-colony.jpg
12314551,public/images/citypages/commercial-emergency-plumbing/allen.jpg
34670929,public/images/citypages/commercial-emergency-plumbing/rockwall.jpg
30223853,public/images/citypages/commercial-emergency-plumbing/rowlett.jpg
16687899,public/images/citypages/commercial-emergency-plumbing/mansfield.jpg
30832160,public/images/citypages/commercial-emergency-plumbing/cedar-hill.jpg
32845690,public/images/citypages/commercial-emergency-plumbing/desoto.jpg
7461108,public/images/citypages/commercial-emergency-plumbing/duncanville.jpg
32141074,public/images/citypages/commercial-emergency-plumbing/wylie.jpg
36673082,public/images/citypages/commercial-emergency-plumbing/houston.jpg
14367425,public/images/citypages/commercial-emergency-plumbing/austin.jpg
32467382,public/images/citypages/commercial-emergency-plumbing/san-antonio.jpg
8478258,public/images/citypages/same-day-plumber-connection/dallas.jpg
8488061,public/images/citypages/same-day-plumber-connection/fort-worth.jpg
7540625,public/images/citypages/same-day-plumber-connection/arlington.jpg
16243258,public/images/citypages/same-day-plumber-connection/plano.jpg
203557,public/images/citypages/same-day-plumber-connection/irving.jpg
5853933,public/images/citypages/same-day-plumber-connection/garland.jpg
9606949,public/images/citypages/same-day-plumber-connection/frisco.jpg
17063686,public/images/citypages/same-day-plumber-connection/mckinney.jpg
14951839,public/images/citypages/same-day-plumber-connection/denton.jpg
33699774,public/images/citypages/same-day-plumber-connection/lewisville.jpg
33699778,public/images/citypages/same-day-plumber-connection/carrollton.jpg
33074473,public/images/citypages/same-day-plumber-connection/richardson.jpg
20849776,public/images/citypages/same-day-plumber-connection/grand-prairie.jpg
8488060,public/images/citypages/same-day-plumber-connection/mesquite.jpg
6195877,public/images/citypages/same-day-plumber-connection/grapevine.jpg
5691518,public/images/citypages/same-day-plumber-connection/euless.jpg
32208764,public/images/citypages/same-day-plumber-connection/bedford.jpg
32208769,public/images/citypages/same-day-plumber-connection/hurst.jpg
4792495,public/images/citypages/same-day-plumber-connection/keller.jpg
4981803,public/images/citypages/same-day-plumber-connection/southlake.jpg
5768284,public/images/citypages/same-day-plumber-connection/flower-mound.jpg
4792525,public/images/citypages/same-day-plumber-connection/the-colony.jpg
6720523,public/images/citypages/same-day-plumber-connection/allen.jpg
32391493,public/images/citypages/same-day-plumber-connection/rockwall.jpg
36044141,public/images/citypages/same-day-plumber-connection/rowlett.jpg
9778302,public/images/citypages/same-day-plumber-connection/mansfield.jpg
38749882,public/images/citypages/same-day-plumber-connection/cedar-hill.jpg
5691503,public/images/citypages/same-day-plumber-connection/desoto.jpg
5767799,public/images/citypages/same-day-plumber-connection/duncanville.jpg
5691501,public/images/citypages/same-day-plumber-connection/wylie.jpg
38524262,public/images/citypages/same-day-plumber-connection/houston.jpg
36884223,public/images/citypages/same-day-plumber-connection/austin.jpg
3926780,public/images/citypages/same-day-plumber-connection/san-antonio.jpg
4221389,public/images/citypages/sink-and-shower-drain-backup/dallas.jpg
8629124,public/images/citypages/sink-and-shower-drain-backup/fort-worth.jpg
10568026,public/images/citypages/sink-and-shower-drain-backup/arlington.jpg
30560253,public/images/citypages/sink-and-shower-drain-backup/plano.jpg
18033166,public/images/citypages/sink-and-shower-drain-backup/irving.jpg
5904036,public/images/citypages/sink-and-shower-drain-backup/garland.jpg
20348123,public/images/citypages/sink-and-shower-drain-backup/frisco.jpg
37771020,public/images/citypages/sink-and-shower-drain-backup/mckinney.jpg
9149052,public/images/citypages/sink-and-shower-drain-backup/denton.jpg
20604660,public/images/citypages/sink-and-shower-drain-backup/lewisville.jpg
8113499,public/images/citypages/sink-and-shower-drain-backup/carrollton.jpg
12105083,public/images/citypages/sink-and-shower-drain-backup/richardson.jpg
35869441,public/images/citypages/sink-and-shower-drain-backup/grand-prairie.jpg
29286299,public/images/citypages/sink-and-shower-drain-backup/mesquite.jpg
5414384,public/images/citypages/sink-and-shower-drain-backup/grapevine.jpg
210881,public/images/citypages/sink-and-shower-drain-backup/euless.jpg
14953886,public/images/citypages/sink-and-shower-drain-backup/bedford.jpg
16243260,public/images/citypages/sink-and-shower-drain-backup/hurst.jpg
6789021,public/images/citypages/sink-and-shower-drain-backup/keller.jpg
10016886,public/images/citypages/sink-and-shower-drain-backup/southlake.jpg
14637832,public/images/citypages/sink-and-shower-drain-backup/flower-mound.jpg
38312719,public/images/citypages/sink-and-shower-drain-backup/the-colony.jpg
28641472,public/images/citypages/sink-and-shower-drain-backup/allen.jpg
5853941,public/images/citypages/sink-and-shower-drain-backup/rockwall.jpg
29459133,public/images/citypages/sink-and-shower-drain-backup/rowlett.jpg
6789020,public/images/citypages/sink-and-shower-drain-backup/mansfield.jpg
5194861,public/images/citypages/sink-and-shower-drain-backup/cedar-hill.jpg
13859370,public/images/citypages/sink-and-shower-drain-backup/desoto.jpg
3867607,public/images/citypages/sink-and-shower-drain-backup/duncanville.jpg
32633673,public/images/citypages/sink-and-shower-drain-backup/wylie.jpg
6253786,public/images/citypages/sink-and-shower-drain-backup/houston.jpg
10117702,public/images/citypages/sink-and-shower-drain-backup/austin.jpg
2113127,public/images/citypages/sink-and-shower-drain-backup/san-antonio.jpg
